,cross_length (um),cross_width (um),cross_gap (um),Lj (nH),Cj (fF),qubit_freq (GHz),ratio,alpha (MHz),w03 (GHz)
0,225,30,30,30,80.38,4.47411837077,36.90448233214752,-442.93132561946214,12.536492461071077
