,cross_length (um),cross_width (um),cross_gap (um),Lj (nH),Cj (fF),qubit_freq (GHz),ratio,alpha (MHz),w03 (GHz)
0,130,30,20,20,127.48,5.61878128884,34.43967892846104,-474.6313493407634,15.907081167838474
