,cross_length (um),cross_width (um),cross_gap (um),Lj (nH),Cj (fF),qubit_freq (GHz),ratio,alpha (MHz),w03 (GHz)
0,100,40,20,20,127.48,6.22421574616,27.94645302304361,-584.9096938062119,17.502827850867575
