,cross_length (um),cross_width (um),cross_gap (um),Lj (nH),Cj (fF),qubit_freq (GHz),ratio,alpha (MHz),w03 (GHz)
0,100,30,35,20,127.48,6.98556710334,22.295928974289932,-733.1451091150915,19.49041109178982
