,cross_length (um),cross_width (um),cross_gap (um),Lj (nH),Cj (fF),qubit_freq (GHz),ratio,alpha (MHz),w03 (GHz)
0,100,4,50,10.9,245.13,9.21871289125,23.68421153615744,-690.1708024235179,26.275797068902964
