,cross_length (um),cross_width (um),cross_gap (um),Lj (nH),Cj (fF),qubit_freq (GHz),ratio,alpha (MHz),w03 (GHz)
0,225,30,30,30,80.38,4.47114966671,36.94284566085717,-442.47136321709246,12.528506273695815
